sequence,label
Alanine-Alanine-Valine-Alanine-Leucine-Leucine-Proline-Alanine-Valine-Leucine-Leucine-Alanine-Leucine-Leucine-Alanine-Lysine,2.207688213
Alanine-Alanine-Valine-Alanine-Leucine-Leucine-Proline-Alanine-Valine-Leucine-Leucine-Alanine-Leucine-Leucine-Alanine-Proline,2.12027772
Alanine-Alanine-Valine-Alanine-Leucine-Leucine-Proline-Alanine-Valine-Leucine-Leucine-Alanine-Leucine-Leucine-Alanine-Proline-Arginine-Arginine-Arginine-Arginine-Arginine-Arginine,2.033061693
Alanine-Glycine-Tyrosine-Leucine-Leucine-Glycine-Lysine-Isoleucine-Asparagine-Leucine-Lysine-Alanine-Leucine-Alanine-Alanine-Leucine-Alanine-Lysine-Lysine-Isoleucine-Leucine,2.414689293
Alanine-Isoleucine-Isoleucine-Tyrosine-Arginine-Aspartic acid-Leucine-Isoleucine-Serine,0.515873844
Alanine-Isoleucine-Proline-Asparagine-Asparagine-Glutamine-Leucine-Glycine-Phenylalanine-Proline-Phenylalanine-Lysine,0.71432976
Alanine-Leucine-Tryptophan-Lysine-Threonine-Leucine-Leucine-Lysine-Lysine-Valine-Leucine-Lysine-Alanine,1.870579461
Alanine-Leucine-Tryptophan-Lysine-Threonine-Leucine-Leucine-Lysine-Lysine-Valine-Leucine-Lysine-Alanine-Proline-Lysine-Lysine-Lysine-Arginine-Lysine-Valine,2.157970244
Alanine-Proline-Tryptophan-Histidine-Leucine-Serine-Serine-Glutamine-Tyrosine-Serine-Arginine-Threonine,0.674861141
Alanine-Glutamine-Isoleucine-Lysine-Isoleucine-Tryptophan-Phenylalanine-Glutamine-Asparagine-Arginine-Arginine-Methionine-Lysine-Tryptophan-Lysine-Lysine,2.146809963
Alanine-Arginine-Alanine-Alanine-Alanine-Arginine-Glutamine-Alanine-Arginine-Alanine,0.201397124
Alanine-Serine-Methionine-Tryptophan-Glutamic acid-Arginine-Valine-Lysine-Serine-Isoleucine-Isoleucine-Lysine-Serine-Serine-Leucine-Alanine-Alanine-Alanine-Serine-Asparagine-Isoleucine,1.434089638
Alanine-Valine-Proline-Alanine-Glutamic acid-Asparagine-Alanine-Leucine-Asparagine-Asparagine-Proline-Phenylalanine,1.197280558
Alanine-Tyrosine-Arginine-Isoleucine-Lysine-Proline-Threonine-Phenylalanine-Arginine-Arginine-Leucine-Lysine-Tryptophan-Lysine-Tyrosine-Lysine-Glycine-Lysine-Phenylalanine-Tryptophan,2.223651667
Cysteine-Glycine-Alanine-Tyrosine-Aspartic acid-Leucine-Arginine-Arginine-Arginine-Glutamic acid-Arginine-Glutamine-Serine-Arginine-Leucine-Arginine-Arginine-Arginine-Glutamic acid-Arginine-Glutamine-Serine-Arginine,1.695131298
Cysteine-Glycine-Asparagine-Lysine-Arginine-Threonine-Arginine-Glycine-Cysteine,1.076276255
Cysteine-Isoleucine-Isoleucine-Serine-Arginine-Aspartic acid-Leucine-Isoleucine-Serine-Histidine,1.112269768
Cysteine-Arginine-Glutamine-Isoleucine-Lysine-Isoleucine-Tryptophan-Phenylalanine-Proline-Asparagine-Arginine-Arginine-Methionine-Lysine-Tryptophan-Lysine-Lysine-Cysteine,1.946353997
Cysteine-Arginine-Glutamine-Isoleucine-Lysine-Isoleucine-Tryptophan-Phenylalanine-Glutamine-Asparagine-Arginine-Arginine-Methionine-Lysine-Tryptophan-Lysine-Lysine,2.027553454
Cysteine-Serine-Isoleucine-Proline-Proline-Glutamic acid-Valine-Lysine-Phenylalanine-Asparagine-Proline-Phenylalanine-Valine-Tyrosine-Leucine-Isoleucine,1.926136571
Cysteine-Valine-Lysine-Arginine-Glycine-Leucine-Lysine-Leucine-Arginine-Histidine-Valine-Arginine-Proline-Arginine-Valine-Threonine-Arginine-Aspartic acid-Valine,1.931762888
Cysteine-Valine-Glutamine-Tryptophan-Serine-Leucine-Leucine-Arginine-Glycine-Tyrosine-Glutamine-Proline-Cysteine,1.722222464
Cysteine-Tryptophan-Lysine-Lysine-Lysine,1.449324093
Cysteine-Tryptophan-Lysine-Lysine-Lysine-Lysine-Lysine-Lysine-Lysine-Lysine,1.966517176
Cysteine-Tryptophan-Lysine-Lysine-Lysine-Lysine-Lysine-Lysine-Lysine-Lysine-Lysine-Lysine-Lysine-Lysine-Lysine,2.204879334
Cysteine-Tryptophan-Lysine-Lysine-Lysine-Lysine-Lysine-Lysine-Lysine-Lysine-Lysine-Lysine-Lysine-Lysine-Lysine-Lysine-Lysine-Lysine-Lysine-Lysine,2.621113938
Aspartic acid-Phenylalanine-Asparagine-Lysine-Phenylalanine-Histidine-Threonine-Phenylalanine-Proline-Glutamine-Threonine-Alanine-Isoleucine-Glycine-Valine-Glycine-Alanine-Proline,1.035029282
Aspartic acid-Proline-Alanine-Threonine-Asparagine-Proline-Glycine-Proline-Histidine-Phenylalanine-Proline-Arginine,0.612783857
Aspartic acid-Proline-Valine-Aspartic acid-Threonine-Proline-Asparagine-Proline-Threonine-Arginine-Arginine-Lysine-Proline-Glycine-Lysine,0.954724791
Aspartic acid-Arginine-Aspartic acid-Aspartic acid-Arginine-Aspartic acid-Aspartic acid-Arginine-Aspartic acid-Aspartic acid-Arginine-Aspartic acid-Aspartic acid-Arginine-Aspartic acid-Aspartic acid-Arginine,0.311753861
Aspartic acid-Arginine-Aspartic acid-Arginine-Aspartic acid-Arginine-Aspartic acid-Arginine-Aspartic acid-Arginine,-1.301029996
Aspartic acid-Arginine-Arginine-Arginine-Arginine-Glycine-Serine-Arginine-Proline-Serine-Glycine-Alanine-Glutamic acid-Arginine-Arginine-Arginine-Arginine,1.130333768
Aspartic acid-Arginine-Arginine-Arginine-Arginine-Glycine-Serine-Arginine-Proline-Serine-Glycine-Alanine-Glutamic acid-Arginine-Arginine-Arginine-Arginine-Arginine-Alanine-Alanine-Alanine-Alanine,1.137037455
Aspartic acid-Serine-Leucine-Lysine-Serine-Tyrosine-Tryptophan-Tyrosine-Leucine-Glutamine-Lysine-Phenylalanine-Serine-Tryptophan-Arginine,1.829303773
Aspartic acid-Threonine-Tryptophan-Alanine-Glycine-Valine-Glutamic acid-Alanine-Isoleucine-Isoleucine-Arginine-Isoleucine-Leucine-Glutamine-Glutamine-Leucine-Leucine-Phenylalanine-Isoleucine-Histidine-Phenylalanine-Arginine,1.882410684
Glutamic acid-Glutamic acid-Glutamic acid-Alanine-Alanine,0.485721426
Glutamic acid-Glutamic acid-Glutamic acid-Alanine-Alanine-Lysine-Lysine-Lysine,1.065579715
Glutamic acid-Leucine-Proline-Valine-Methionine,0.741151599
Glutamic acid-Proline-Aspartic acid-Asparagine-Tryptophan-Serine-Leucine-Aspartic acid-Phenylalanine-Proline-Arginine-Arginine,0.474216264
Glutamic acid-Arginine-Glutamic acid-Arginine-Glutamic acid-Arginine-Glutamic acid-Arginine-Glutamic acid-Arginine-Glutamic acid-Arginine-Glutamic acid-Arginine,0.318063335
Phenylalanine-Alanine-Proline-Tryptophan-Aspartic acid-Threonine-Alanine-Serine-Phenylalanine-Methionine-Leucine-Glycine,0.527629901
Phenylalanine-Aspartic acid-Proline-Phenylalanine-Phenylalanine-Tryptophan-Lysine-Tyrosine-Serine-Proline-Arginine-Aspartic acid,1.78490245
Phenylalanine-Isoleucine-Isoleucine-Phenylalanine-Arginine-Isoleucine-Alanine-Alanine-Serine-Histidine-Lysine-Lysine,2.433961745
Phenylalanine-Isoleucine-Arginine-Isoleucine-Glycine-Cysteine,1.90810954
Phenylalanine-Isoleucine-Threonine-Lysine-Alanine-Leucine-Glycine-Isoleucine-Serine-Tyrosine-Glycine-Arginine-Lysine-Lysine-Arginine-Arginine,1.780677274
Phenylalanine-Isoleucine-Threonine-Lysine-Alanine-Leucine-Glycine-Isoleucine-Serine-Tyrosine-Glycine-Arginine-Lysine-Lysine-Arginine-Arginine-Glutamine-Arginine-Arginine-Arginine-Proline-Proline-Glutamine,2.081203239
Phenylalanine-Lysine-Lysine-Phenylalanine-Arginine-Lysine-Phenylalanine,1.113943352
Phenylalanine-Leucine-Glycine-Lysine-Lysine-Phenylalanine-Lysine-Lysine-Tyrosine-Phenylalanine-Leucine-Glutamine-Leucine-Leucine-Lysine,2.463788507
Phenylalanine-Leucine-Isoleucine-Phenylalanine-Isoleucine-Arginine-Valine-Isoleucine-Cysteine-Isoleucine-Valine-Isoleucine-Alanine-Lysine-Leucine-Lysine-Alanine-Asparagine-Leucine-Methionine-Cysteine-Lysine-Threonine,1.496237545
Phenylalanine-Glutamine-Asparagine-Arginine-Arginine-Methionine-Lysine-Tryptophan-Lysine-Lysine,1.424391554
Phenylalanine-Glutamine-Proline-Tyrosine-Aspartic acid-Histidine-Proline-Alanine-Glutamic acid-Valine-Serine-Tyrosine,1.004321374
Phenylalanine-Threonine-Tyrosine-Lysine-Asparagine-Phenylalanine-Phenylalanine-Tryptophan-Leucine-Proline-Glutamic acid-Leucine,1.701395269
Phenylalanine-Valine-Threonine-Arginine-Glycine-Cysteine-Proline-Arginine-Arginine-Leucine-Valine-Alanine-Arginine-Leucine-Isoleucine-Arginine-Valine-Methionine-Valine-Proline-Arginine-Arginine,2.196203829
Glycine-Alanine-Leucine-Phenylalanine-Leucine-Glycine-Tryptophan-Leucine-Glycine-Alanine-Alanine-Glycine-Serine-Threonine-Methionine-Glycine-Alanine,0.930439595
Glycine-Alanine-Tyrosine-Aspartic acid-Leucine-Arginine-Arginine-Arginine-Glutamic acid-Arginine-Glutamine-Serine-Arginine-Leucine-Arginine-Arginine-Arginine-Glutamic acid-Arginine-Glutamine-Serine-Arginine,1.488550717
Glycine-Glutamic acid-Glutamine-Isoleucine-Alanine-Glutamine-Leucine-Isoleucine-Alanine-Glycine-Tyrosine-Isoleucine-Aspartic acid-Isoleucine-Isoleucine-Leucine-Lysine-Lysine-Lysine-Lysine-Serine-Lysine,2.291235611
Glycine-Lysine-Histidine-Arginine-Histidine-Glutamic acid-Arginine-Glycine-Histidine-Histidine-Arginine-Aspartic acid-Arginine-Arginine-Glutamic acid-Arginine,1.024485668
Glycine-Lysine-Isoleucine-Asparagine-Leucine-Lysine-Alanine-Leucine-Alanine-Alanine-Leucine-Alanine-Lysine-Lysine-Isoleucine-Leucine,2.073754998
Glycine-Lysine-Lysine-Lysine-Lysine-Lysine-Lysine-Lysine-Lysine-Lysine,0.967547976
Glycine-Lysine-Lysine-Lysine-Lysine-Arginine-Lysine-Arginine-Glutamic acid-Lysine-Leucine,0.488550717
Glycine-Lysine-Lysine-Lysine-Arginine-Lysine-Leucine-Serine-Asparagine-Arginine-Glutamic acid-Serine-Alanine-Lysine-Arginine-Serine-Arginine,0.884795364
Glycine-Lysine-Lysine-Threonine-Asparagine-Leucine-Phenylalanine-Serine-Alanine-Leucine-Isoleucine-Lysine-Lysine-Lysine-Lysine-Threonine-Alanine,1.228913406
Glycine-Lysine-Arginine-Alanine-Arginine-Asparagine-Threonine-Glutamic acid-Alanine-Alanine-Arginine-Arginine-Serine-Arginine-Alanine-Arginine-Lysine-Leucine,1.371067862
Glycine-Lysine-Arginine-Lysine-Lysine-Lysine-Glycine-Lysine-Leucine-Glycine-Lysine-Lysine-Arginine-Aspartic acid-Proline,0.938019097
Glycine-Lysine-Arginine-Lysine-Lysine-Lysine-Glycine-Lysine-Leucine-Glycine-Lysine-Lysine-Arginine-Proline-Arginine-Serine-Arginine,1.728759475
Glycine-Lysine-Arginine-Arginine-Arginine-Arginine-Alanine-Threonine-Alanine-Lysine-Tyrosine-Arginine-Serine-Alanine-Histidine,1.377488383
Glycine-Lysine-Arginine-Valine-Alanine-Lysine-Arginine-Lysine-Leucine-Isoleucine-Glutamic acid-Glutamine-Asparagine-Arginine-Glutamic acid-Arginine-Arginine-Arginine,1.42357352
Glycine-Leucine-Phenylalanine-Glutamic acid-Alanine-Leucine-Leucine-Glutamic acid-Leucine-Leucine-Glutamic acid-Serine-Leucine-Tryptophan-Glutamic acid-Leucine-Leucine-Leucine-Glutamic acid-Alanine,1.94948759
Glycine-Leucine-Phenylalanine-Lysine-Alanine-Leucine-Leucine-Lysine-Leucine-Leucine-Lysine-Serine-Leucine-Tryptophan-Lysine-Leucine-Leucine-Leucine-Lysine-Alanine,2.514095958
Glycine-Leucine-Phenylalanine-Arginine-Alanine-Leucine-Leucine-Arginine-Leucine-Leucine-Arginine-Serine-Leucine-Tryptophan-Arginine-Leucine-Leucine-Leucine-Arginine-Alanine,1.942603249
Glycine-Leucine-Glycine-Serine-Leucine-Leucine-Lysine-Lysine-Alanine-Glycine-Lysine-Lysine-Leucine-Lysine-Glutamine-Proline-Lysine-Serine-Lysine-Arginine-Lysine-Valine,1.607133204
Glycine-Leucine-Arginine-Lysine-Arginine-Leucine-Arginine-Lysine-Phenylalanine-Arginine-Asparagine-Lysine-Isoleucine-Lysine-Glutamic acid-Lysine,1.642266619
Glycine-Leucine-Tryptophan-Arginine-Alanine-Leucine-Tryptophan-Arginine-Alanine-Leucine-Arginine-Serine-Leucine-Tryptophan-Lysine-Leucine-Lysine-Arginine-Lysine-Valine,2.585054446
Glycine-Leucine-Tryptophan-Arginine-Alanine-Leucine-Tryptophan-Arginine-Alanine-Leucine-Tryptophan-Arginine-Serine-Leucine-Tryptophan-Lysine-Lysine-Lysine-Arginine-Lysine-Valine,2.466941726
Glycine-Leucine-Tryptophan-Arginine-Alanine-Leucine-Tryptophan-Arginine-Alanine-Leucine-Tryptophan-Arginine-Serine-Leucine-Tryptophan-Lysine-Leucine-Lysine-Arginine-Lysine-Valine,2.434712581
Glycine-Leucine-Tryptophan-Arginine-Alanine-Leucine-Tryptophan-Arginine-Alanine-Leucine-Tryptophan-Arginine-Serine-Leucine-Tryptophan-Lysine-Leucine-Lysine-Tryptophan-Lysine-Valine,2.313044233
Glycine-Leucine-Tryptophan-Arginine-Alanine-Leucine-Tryptophan-Arginine-Alanine-Leucine-Tryptophan-Arginine-Serine-Leucine-Tryptophan-Lysine-Serine-Lysine-Arginine-Lysine-Valine,2.430768212
Glycine-Leucine-Tryptophan-Arginine-Alanine-Leucine-Tryptophan-Arginine-Glycine-Leucine-Arginine-Serine-Leucine-Tryptophan-Lysine-Lysine-Lysine-Arginine-Lysine-Valine,2.574228103
Glycine-Leucine-Tryptophan-Arginine-Alanine-Leucine-Tryptophan-Arginine-Glycine-Leucine-Arginine-Serine-Leucine-Tryptophan-Lysine-Leucine-Lysine-Arginine-Lysine-Valine,2.541154726
Glycine-Leucine-Tryptophan-Arginine-Alanine-Leucine-Tryptophan-Arginine-Leucine-Leucine-Arginine-Serine-Leucine-Tryptophan-Arginine-Leucine-Leucine-Tryptophan-Lysine-Alanine,1.686636269
Glycine-Leucine-Tryptophan-Arginine-Alanine-Leucine-Tryptophan-Arginine-Leucine-Leucine-Arginine-Serine-Leucine-Tryptophan-Arginine-Leucine-Leucine-Tryptophan-Arginine-Alanine,1.457276186
Glycine-Leucine-Tryptophan-Tryptophan-Arginine-Leucine-Tryptophan-Tryptophan-Arginine-Leucine-Arginine-Serine-Tryptophan-Phenylalanine-Arginine-Leucine-Tryptophan-Phenylalanine-Arginine-Alanine,1.365487985
Glycine-Proline-Phenylalanine-Histidine-Phenylalanine-Tyrosine-Glutamine-Phenylalanine-Leucine-Phenylalanine-Proline-Proline-Valine,1.589167391
Glycine-Arginine-Lysine-Glycine-Lysine-Histidine-Lysine-Arginine-Lysine-Lysine-Leucine-Proline,1.140508043
Glycine-Arginine-Lysine-Lysine-Arginine-Arginine-Glutamine-Arginine-Arginine-Proline-Proline-Glutamine-Cysteine,2.009663317
Glycine-Arginine-Lysine-Lysine-Arginine-Arginine-Glutamine-Arginine-Arginine-Arginine,1.466719372
Glycine-Arginine-Lysine-Lysine-Arginine-Arginine-Glutamine-Arginine-Arginine-Arginine-Cysteine,2.042299807
Glycine-Arginine-Lysine-Lysine-Arginine-Arginine-Glutamine-Arginine-Arginine-Arginine-Proline-Proline,1.450095076
Glycine-Arginine-Lysine-Lysine-Arginine-Arginine-Glutamine-Arginine-Arginine-Arginine-Proline-Proline-Glutamine,1.46834733
Glycine-Arginine-Lysine-Lysine-Arginine-Arginine-Glutamine-Arginine-Arginine-Arginine-Proline-Proline-Glutamine-Cysteine,2.233097688
Glycine-Arginine-Lysine-Lysine-Arginine-Arginine-Glutamine-Arginine-Arginine-Arginine-Proline-Tryptophan-Glutamine,1.932169246
Glycine-Arginine-Lysine-Leucine-Lysine-Lysine-Lysine-Lysine-Asparagine-Glutamic acid-Lysine-Glutamic acid-Aspartic acid-Lysine-Arginine-Proline-Arginine-Threonine,1.232233521
Glycine-Arginine-Lysine-Arginine-Lysine-Lysine-Arginine-Threonine,1.048053173
Glycine-Arginine-Proline-Arginine-Glutamic acid-Serine-Glycine-Lysine-Lysine-Arginine-Lysine-Arginine-Lysine-Arginine-Leucine-Lysine-Proline,1.482873584
Glycine-Arginine-Glutamine-Leucine-Arginine-Isoleucine-Alanine-Glycine-Lysine-Arginine-Leucine-Glutamic acid-Glycine-Arginine-Serine-Lysine,0.662757832
Glycine-Arginine-Glutamine-Leucine-Arginine-Isoleucine-Alanine-Glycine-Lysine-Arginine-Leucine-Arginine-Glycine-Arginine-Serine-Lysine,1.415474168
Glycine-Arginine-Glutamine-Leucine-Arginine-Isoleucine-Alanine-Glycine-Arginine-Arginine-Leucine-Arginine-Glycine-Arginine-Serine-Arginine,1.197556213
Glycine-Arginine-Glutamine-Leucine-Arginine-Isoleucine-Alanine-Glycine-Arginine-Arginine-Leucine-Arginine-Arginine-Arginine-Serine-Arginine,1.438700533
Glycine-Arginine-Glutamine-Leucine-Arginine-Arginine-Alanine-Glycine-Arginine-Arginine-Leucine-Arginine-Glycine-Arginine-Serine-Arginine,1.34869419
Glycine-Arginine-Glutamine-Leucine-Arginine-Arginine-Alanine-Glycine-Arginine-Arginine-Leucine-Arginine-Arginine-Arginine-Serine-Arginine,1.53869938
Glycine-Arginine-Arginine-Glutamic acid-Arginine-Asparagine-Lysine-Methionine-Alanine-Alanine-Alanine-Lysine-Cysteine-Arginine-Asparagine-Arginine-Arginine-Arginine,1.937568039
Glycine-Arginine-Arginine-Histidine-Histidine-Cysteine-Arginine-Serine-Lysine-Alanine-Lysine-Arginine-Serine-Arginine-Histidine-Histidine,1.886039276
Glycine-Arginine-Arginine-Arginine-Arginine-Alanine-Threonine-Alanine-Lysine-Tyrosine-Arginine-Threonine-Alanine-Histidine,1.545430829
Glycine-Arginine-Arginine-Arginine-Arginine-Lysine-Arginine-Leucine-Serine-Histidine-Arginine-Threonine,1.317227349
Glycine-Arginine-Arginine-Arginine-Arginine-Arginine-Glutamic acid-Arginine-Asparagine-Lysine,0.887054378
Glycine-Arginine-Arginine-Arginine-Arginine-Arginine-Arginine-Arginine-Arginine-Arginine-Proline-Proline-Glutamine,1.907411361
Glycine-Serine-Proline-Tryptophan-Glycine-Leucine-Glutamine-Histidine-Histidine-Proline-Proline-Arginine-Threonine,0.247973266
Glycine-Serine-Arginine-Histidine-Proline-Serine-Leucine-Isoleucine-Isoleucine-Proline-Arginine-Glutamine,0.7930916
Glycine-Tyrosine-Glycine-Asparagine-Cysteine-Arginine-Histidine-Phenylalanine-Lysine-Glutamine-Lysine-Proline-Arginine-Arginine-Aspartic acid,1.836577275
Glycine-Tyrosine-Glycine-Arginine-Lysine-Lysine-Arginine-Arginine-Glutamine-Arginine-Arginine-Arginine-Glycine,1.892428547
Histidine-Alanine-Arginine-Isoleucine-Lysine-Proline-Threonine-Phenylalanine-Arginine-Arginine-Leucine-Lysine-Tryptophan-Lysine-Tyrosine-Lysine-Glycine-Lysine-Phenylalanine-Tryptophan,2.016573746
Histidine-Phenylalanine-Alanine-Alanine-Tryptophan-Glycine-Glycine-Tryptophan-Serine-Leucine-Valine-Histidine,1.10002573
Histidine-Isoleucine-Glutamine-Leucine-Serine-Proline-Phenylalanine-Serine-Glutamine-Serine-Tryptophan-Arginine,1.298853076
Histidine-Proline-Glycine-Serine-Proline-Phenylalanine-Proline-Proline-Glutamic acid-Histidine-Arginine-Proline,0.547774705
Histidine-Glutamine-Histidine-Lysine-Proline-Proline-Proline-Leucine-Threonine-Asparagine-Asparagine-Tryptophan,0.824776462
Histidine-Arginine-Histidine-Isoleucine-Arginine-Arginine-Glutamine-Serine-Leucine-Isoleucine-Methionine-Leucine,1.39497672
Histidine-Tyrosine-Arginine-Isoleucine-Lysine-Proline-Threonine-Alanine-Arginine-Arginine-Leucine-Lysine-Tryptophan-Lysine-Tyrosine-Lysine-Glycine-Lysine-Phenylalanine-Tryptophan,1.903415586
Histidine-Tyrosine-Arginine-Isoleucine-Lysine-Proline-Threonine-Phenylalanine-Arginine-Arginine-Leucine-Alanine-Tryptophan-Lysine-Tyrosine-Lysine-Glycine-Lysine-Phenylalanine-Tryptophan,2.089693209
Histidine-Tyrosine-Arginine-Isoleucine-Lysine-Proline-Threonine-Phenylalanine-Arginine-Arginine-Leucine-Lysine-Tryptophan-Lysine-Tyrosine-Lysine-Glycine-Lysine-Phenylalanine-Alanine,1.952840857
Isoleucine-Alanine-Tryptophan-Valine-Lysine-Alanine-Phenylalanine-Isoleucine-Arginine-Lysine-Leucine-Arginine-Lysine-Glycine-Proline-Leucine-Glycine,2.201560978
Isoleucine-Glycine-Cysteine-Arginine-Histidine,0.977723605
Isoleucine-Isoleucine-Tyrosine-Arginine-Aspartic acid-Leucine-Isoleucine-Serine-Histidine,0.914871818
Isoleucine-Lysine-Isoleucine-Tryptophan-Phenylalanine-Glutamine-Asparagine-Arginine-Arginine-Methionine-Lysine-Tryptophan-Lysine-Lysine,2.273186532
Isoleucine-Proline-Alanine-Leucine-Lysine,0.631443769
Isoleucine-Proline-Methionine-Isoleucine-Lysine,0.633468456
Isoleucine-Proline-Methionine-Leucine-Lysine,1.181843588
Isoleucine-Proline-Serine-Arginine-Tryptophan-Lysine-Aspartic acid-Glutamine-Phenylalanine-Tryptophan-Lysine-Arginine-Tryptophan-Histidine-Tyrosine,2.064532861
Isoleucine-Tryptophan-Phenylalanine-Glutamine-Asparagine-Arginine-Arginine-Methionine-Lysine-Tryptophan-Lysine-Lysine,1.847942639
Isoleucine-Tyrosine-Arginine-Aspartic acid-Leucine-Isoleucine-Serine-Histidine,1.062957834
Lysine-Alanine-Leucine-Alanine-Alanine-Leucine-Leucine-Lysine-Lysine-Leucine-Alanine-Lysine-Leucine-Leucine-Alanine-Alanine-Leucine-Lysine,2.340662199
Lysine-Alanine-Leucine-Alanine-Alanine-Leucine-Leucine-Lysine-Lysine-Tryptophan-Alanine-Lysine-Leucine-Leucine-Alanine-Alanine-Leucine-Lysine,2.431283332
Lysine-Alanine-Leucine-Alanine-Lysine-Alanine-Leucine-Alanine-Lysine-Leucine-Tryptophan-Lysine-Alanine-Leucine-Alanine-Lysine-Alanine-Alanine,2.5385486
Lysine-Alanine-Leucine-Lysine-Lysine-Leucine-Leucine-Alanine-Lysine-Tryptophan-Leucine-Alanine-Alanine-Alanine-Lysine-Alanine-Leucine-Leucine,2.460702441
Lysine-Alanine-Leucine-Lysine-Leucine-Lysine-Leucine-Alanine-Leucine-Alanine-Leucine-Leucine-Alanine-Lysine-Leucine-Lysine-Leucine-Alanine,2.475147977
Lysine-Cysteine-Phenylalanine-Methionine-Tryptophan-Glutamine-Glutamic acid-Methionine-Leucine-Asparagine-Lysine-Alanine-Glycine-Valine-Proline-Lysine-Leucine-Arginine-Cysteine-Alanine-Arginine-Lysine,1.914660431
Lysine-Cysteine-Phenylalanine-Glutamine-Tryptophan-Glutamine-Arginine-Asparagine-Methionine-Arginine-Lysine-Valine-Arginine-Glycine-Proline-Proline-Valine-Serine-Cysteine,1.844477176
Lysine-Cysteine-Phenylalanine-Glutamine-Tryptophan-Glutamine-Arginine-Asparagine-Methionine-Arginine-Lysine-Valine-Arginine-Glycine-Proline-Proline-Valine-Serine-Cysteine-Isoleucine-Lysine-Arginine,1.962321973
Lysine-Cysteine-Proline-Serine-Arginine-Arginine-Proline-Lysine-Arginine,1.51401618
Lysine-Glutamic acid-Arginine-Lysine-Lysine-Arginine-Arginine-Arginine,1.277150614
Lysine-Glutamic acid-Threonine-Tryptophan-Phenylalanine-Glutamic acid-Threonine-Tryptophan-Phenylalanine-Threonine-Glutamic acid-Tryptophan-Serine-Glutamine-Proline-Lysine-Lysine-Lysine-Arginine-Lysine-Valine,1.718086295
Lysine-Glutamic acid-Threonine-Tryptophan-Tryptophan-Glutamic acid-Threonine-Tryptophan-Tryptophan-Threonine-Glutamic acid-Tryptophan-Serine-Glutamine-Proline-Lysine-Lysine-Lysine-Arginine-Lysine-Valine,1.980276141
Lysine-Phenylalanine-Histidine-Threonine-Phenylalanine-Proline-Glutamine-Threonine-Alanine-Isoleucine-Glycine-Valine-Glycine-Alanine-Proline,0.592176757
Lysine-Glycine-Glutamic acid-Glycine-Alanine-Alanine-Valine-Leucine-Leucine-Proline-Valine-Leucine-Leucine-Alanine-Alanine-Proline-Glycine,0.764176132
Lysine-Glycine-Lysine-Lysine-Isoleucine-Phenylalanine-Isoleucine-Methionine-Lysine,1.748265573
Lysine-Isoleucine-Tryptophan-Phenylalanine-Glutamine-Asparagine-Arginine-Arginine-Methionine-Lysine-Tryptophan-Lysine-Lysine,1.712481338
Lysine-Lysine-Isoleucine-Cysteine-Threonine-Arginine-Lysine-Proline-Arginine-Phenylalanine-Methionine-Serine-Alanine-Tryptophan-Alanine-Glutamine,1.95371138
Lysine-Lysine-Lysine-Lysine-Lysine-Lysine-Lysine-Lysine-Lysine-Lysine-Lysine-Lysine-Lysine-Lysine-Lysine-Lysine-Lysine-Lysine-Lysine,2.80072395
Lysine-Lysine-Proline-Glycine-Lysine-Lysine-Threonine-Threonine-Threonine-Lysine-Proline-Threonine-Lysine-Lysine,1.213517757
Lysine-Lysine-Proline-Glycine-Lysine-Lysine-Threonine-Threonine-Threonine-Lysine-Proline-Threonine-Lysine-Lysine-Proline-Threonine-Isoleucine-Lysine-Threonine-Threonine-Lysine-Lysine,1.079181246
Lysine-Lysine-Proline-Threonine-Isoleucine-Lysine-Threonine-Threonine-Lysine-Lysine,0.523746467
Lysine-Lysine-Threonine-Threonine-Threonine-Lysine-Proline-Threonine-Lysine-Lysine,0.348304863
Lysine-Lysine-Tryptophan-Lysine-Methionine-Arginine-Arginine-Asparagine-Glutamine-Phenylalanine-Tryptophan-Isoleucine-Lysine-Isoleucine-Glutamine-Arginine,1.914554699
Lysine-Leucine-Alanine-Alanine-Alanine-Leucine-Leucine-Lysine-Lysine-Tryptophan-Lysine-Lysine-Leucine-Alanine-Alanine-Alanine-Leucine-Leucine,2.526197074
Lysine-Leucine-Alanine-Leucine-Lysine-Leucine-Alanine-Leucine-Lysine-Alanine-Leucine-Lysine-Alanine-Alanine-Leucine-Lysine,2.679791171
Lysine-Leucine-Alanine-Leucine-Lysine-Leucine-Alanine-Leucine-Lysine-Alanine-Leucine-Lysine-Alanine-Alanine-Leucine-Lysine-Leucine-Alanine,2.643857172
Lysine-Leucine-Alanine-Leucine-Lysine-Leucine-Alanine-Leucine-Lysine-Alanine-Leucine-Lysine-Alanine-Alanine-Leucine-Lysine-Leucine-Alanine-Glycine-Cysteine,2.32261205
Lysine-Leucine-Alanine-Leucine-Lysine-Leucine-Alanine-Leucine-Lysine-Alanine-Leucine-Glutamine-Alanine-Alanine-Leucine-Glutamine-Leucine-Alanine,2.439616866
Lysine-Leucine-Alanine-Leucine-Lysine-Leucine-Alanine-Leucine-Lysine-Alanine-Tryptophan-Lysine-Alanine-Alanine-Leucine-Lysine-Leucine-Alanine,2.490436081
Lysine-Leucine-Alanine-Leucine-Glutamine-Leucine-Alanine-Leucine-Glutamine-Alanine-Leucine-Glutamine-Alanine-Alanine-Leucine-Glutamine-Leucine-Alanine,1.888965344
Lysine-Leucine-Glycine-Valine-Methionine,1.137037455
Lysine-Leucine-Isoleucine-Lysine-Glycine-Arginine-Threonine-Proline-Isoleucine-Lysine-Phenylalanine-Glycine-Lysine,0.804820679
Lysine-Leucine-Proline-Cysteine-Arginine-Serine-Asparagine-Threonine-Phenylalanine-Leucine-Asparagine-Isoleucine-Phenylalanine-Arginine-Arginine-Lysine-Lysine-Proline-Glycine,2.167937313
Lysine-Leucine-Proline-Valine-Methionine,0.240549248
Lysine-Leucine-Proline-Valine-Threonine,0.978636948
Lysine-Leucine-Threonine-Arginine-Alanine-Glutamine-Arginine-Arginine-Alanine-Alanine-Alanine-Arginine-Lysine-Asparagine-Lysine-Arginine-Asparagine-Threonine-Arginine-Glycine-Cysteine,2.032135047
Lysine-Leucine-Tryptophan-Methionine-Arginine-Tryptophan-Tyrosine-Serine-Alanine-Threonine-Threonine-Arginine-Arginine-Tyrosine-Glycine,2.100473936
Lysine-Leucine-Tryptophan-Methionine-Arginine-Tryptophan-Tyrosine-Serine-Proline-Threonine-Threonine-Arginine-Arginine-Tyrosine-Glycine,2.010639117
Lysine-Leucine-Tryptophan-Methionine-Arginine-Tryptophan-Tyrosine-Serine-Proline-Tryptophan-Threonine-Arginine-Arginine-Tyrosine-Glycine,2.077585906
Lysine-Leucine-Tryptophan-Serine-Alanine-Tryptophan-Proline-Serine-Leucine-Tryptophan-Serine-Serine-Leucine-Tryptophan-Lysine-Proline,2.016448318
Lysine-Methionine-Threonine-Arginine-Alanine-Glutamine-Arginine-Arginine-Alanine-Alanine-Alanine-Arginine-Arginine-Asparagine-Arginine-Tryptophan-Threonine-Alanine-Arginine-Glycine-Cysteine,1.997517439
Lysine-Asparagine-Alanine-Tryptophan-Lysine-Histidine-Serine-Serine-Cysteine-Histidine-Histidine-Arginine-Histidine-Glutamine-Isoleucine,1.408918021
Lysine-Proline-Arginine-Serine-Lysine-Asparagine-Proline-Proline-Lysine-Lysine-Proline-Lysine,1.218797998
Lysine-Arginine-Isoleucine-Histidine-Proline-Arginine-Leucine-Threonine-Arginine-Serine-Isoleucine-Arginine,0.933487288
Lysine-Arginine-Isoleucine-Isoleucine-Glutamine-Arginine-Isoleucine-Leucine-Serine-Arginine-Asparagine-Serine,1.187802639
Lysine-Arginine-Isoleucine-Proline-Asparagine-Lysine-Lysine-Proline-Glycine-Lysine-Lysine,-0.408935393
Lysine-Arginine-Isoleucine-Proline-Asparagine-Lysine-Lysine-Proline-Glycine-Lysine-Lysine-Threonine,0.824125834
Lysine-Arginine-Isoleucine-Proline-Asparagine-Lysine-Lysine-Proline-Glycine-Lysine-Lysine-Threonine-Threonine-Threonine-Lysine-Proline-Threonine-Lysine-Lysine,1.021189299
Lysine-Arginine-Isoleucine-Proline-Asparagine-Lysine-Lysine-Proline-Glycine-Lysine-Lysine-Threonine-Threonine-Threonine-Lysine-Proline-Threonine-Lysine-Lysine-Proline-Threonine-Isoleucine-Lysine,1.294245716
Lysine-Arginine-Isoleucine-Proline-Asparagine-Lysine-Lysine-Proline-Lysine-Lysine,1.482873584
Lysine-Arginine-Proline-Alanine-Alanine-Isoleucine-Lysine-Lysine-Alanine-Glycine-Glutamine-Alanine-Lysine-Lysine-Lysine-Lysine,1.15715444
Lysine-Arginine-Valine-Serine-Arginine-Asparagine-Lysine-Serine-Glutamic acid-Lysine-Lysine-Arginine-Arginine,1.26927939
Lysine-Serine-Isoleucine-Cysteine-Lysine-Threonine-Isoleucine-Proline-Serine-Asparagine-Lysine-Proline-Lysine-Lysine-Lysine,1.313656347
Lysine-Threonine-Isoleucine-Glutamic acid-Alanine-Histidine-Proline-Proline-Tyrosine-Tyrosine-Alanine-Serine,0.794488047
Lysine-Threonine-Isoleucine-Proline-Serine-Asparagine-Lysine-Proline-Lysine-Lysine-Lysine,0.522444234
Lysine-Threonine-Valine-Leucine-Leucine-Arginine-Lysine-Leucine-Leucine-Lysine-Leucine-Leucine-Valine-Arginine-Lysine-Isoleucine,2.932250472
Lysine-Tryptophan-Phenylalanine-Glutamic acid-Threonine-Tryptophan-Phenylalanine-Threonine-Glutamic acid-Tryptophan-Proline-Lysine-Lysine-Arginine-Lysine,1.827433895
Leucine-Aspartic acid-Isoleucine-Threonine-Proline-Phenylalanine-Leucine-Serine-Leucine-Threonine-Leucine-Proline,1.654850091
Leucine-Glycine-Isoleucine-Serine-Tyrosine-Glycine-Arginine-Lysine-Lysine-Arginine-Arginine-Glutamine-Arginine-Arginine-Arginine-Proline-Proline-Glutamine,1.842921121
Leucine-Glycine-Leucine-Leucine-Leucine-Arginine-Histidine-Leucine-Arginine-Histidine-Histidine-Serine-Asparagine-Leucine-Leucine-Alanine-Asparagine-Isoleucine,2.266443381
Leucine-Glycine-Threonine-Tyrosine-Threonine-Glutamine-Aspartic acid-Phenylalanine-Asparagine-Lysine-Phenylalanine-Histidine-Threonine-Phenylalanine-Proline-Glutamine-Threonine-Alanine-Isoleucine-Glycine-Valine-Glycine-Alanine-Proline,1.182414652
Leucine-Isoleucine-Isoleucine-Phenylalanine-Alanine-Isoleucine-Alanine-Alanine-Serine-Histidine-Lysine-Lysine,2.141857223
Leucine-Isoleucine-Isoleucine-Phenylalanine-Alanine-Isoleucine-Leucine-Isoleucine-Serine-Histidine-Lysine-Lysine,1.517459827
Leucine-Isoleucine-Isoleucine-Phenylalanine-Arginine-Isoleucine-Alanine-Alanine-Serine-Histidine-Lysine-Lysine,2.313930463
Leucine-Isoleucine-Isoleucine-Phenylalanine-Arginine-Isoleucine-Leucine-Isoleucine-Serine-Histidine,1.691523522
Leucine-Isoleucine-Isoleucine-Phenylalanine-Arginine-Isoleucine-Leucine-Isoleucine-Serine-Histidine-Histidine-Histidine,1.994361152
Leucine-Isoleucine-Isoleucine-Phenylalanine-Arginine-Isoleucine-Leucine-Isoleucine-Serine-Histidine-Lysine,2.138081546
Leucine-Isoleucine-Isoleucine-Phenylalanine-Arginine-Isoleucine-Leucine-Isoleucine-Serine-Histidine-Lysine-Lysine,2.182585825
Leucine-Isoleucine-Isoleucine-Phenylalanine-Arginine-Isoleucine-Leucine-Isoleucine-Serine-Histidine-Arginine,1.710117365
Leucine-Isoleucine-Isoleucine-Phenylalanine-Arginine-Isoleucine-Leucine-Isoleucine-Serine-Histidine-Arginine-Arginine,2.080446095
Leucine-Isoleucine-Arginine-Leucine-Tryptophan-Serine-Histidine-Leucine-Isoleucine-Histidine-Isoleucine-Tryptophan-Phenylalanine-Glutamine-Asparagine-Arginine-Arginine-Leucine-Lysine-Tryptophan-Lysine-Lysine-Lysine,2.629001619
Leucine-Lysine-Threonine-Leucine-Alanine-Threonine-Alanine-Leucine-Threonine-Lysine-Leucine-Alanine-Lysine-Threonine-Leucine-Threonine-Threonine-Leucine,2.340305277
Leucine-Leucine-Isoleucine-Isoleucine-Leucine-Alanine-Arginine-Arginine-Isoleucine-Arginine-Lysine-Glutamine-Alanine-Histidine-Alanine-Histidine-Serine-Lysine,2.212240889
Leucine-Leucine-Isoleucine-Isoleucine-Leucine-Arginine-Alanine-Arginine-Isoleucine-Arginine-Lysine-Glutamine-Alanine-Histidine-Alanine-Histidine-Serine-Lysine,2.3232521
Leucine-Leucine-Isoleucine-Isoleucine-Leucine-Arginine-Arginine-Alanine-Isoleucine-Arginine-Lysine-Glutamine-Alanine-Histidine-Alanine-Histidine-Serine-Lysine,2.321287665
Leucine-Leucine-Isoleucine-Isoleucine-Leucine-Arginine-Arginine-Arginine-Isoleucine-Alanine-Arginine-Lysine-Glutamine-Alanine-Histidine-Alanine-Histidine-Serine-Lysine,2.360612345
Leucine-Leucine-Isoleucine-Isoleucine-Leucine-Arginine-Arginine-Arginine-Isoleucine-Arginine-Alanine-Glutamine-Alanine-Histidine-Alanine-Histidine-Serine-Lysine,2.318835192
Leucine-Leucine-Isoleucine-Isoleucine-Leucine-Arginine-Arginine-Arginine-Isoleucine-Arginine-Lysine-Alanine-Alanine-Histidine-Alanine-Histidine-Serine-Lysine,2.400347998
Leucine-Leucine-Isoleucine-Isoleucine-Leucine-Arginine-Arginine-Arginine-Isoleucine-Arginine-Lysine-Glutamine-Alanine-Histidine-Alanine-Alanine-Serine-Lysine,2.365319476
Leucine-Leucine-Isoleucine-Isoleucine-Leucine-Arginine-Arginine-Arginine-Isoleucine-Arginine-Lysine-Glutamine-Alanine-Histidine-Alanine-Histidine-Alanine-Lysine,2.364307047
Leucine-Leucine-Isoleucine-Isoleucine-Leucine-Arginine-Arginine-Arginine-Isoleucine-Arginine-Lysine-Glutamine-Alanine-Histidine-Alanine-Histidine-Serine-Alanine,2.389591307
Leucine-Leucine-Isoleucine-Isoleucine-Leucine-Arginine-Arginine-Arginine-Isoleucine-Arginine-Lysine-Glutamine-Alanine-Histidine-Alanine-Histidine-Serine-Lysine,2.353570042
Leucine-Leucine-Lysine-Lysine-Arginine-Lysine-Valine-Valine-Arginine-Leucine-Isoleucine-Lysine-Phenylalanine-Leucine-Leucine-Lysine,2.638788667
Leucine-Leucine-Lysine-Threonine-Threonine-Alanine-Leucine-Leucine-Lysine-Threonine-Threonine-Alanine-Leucine-Leucine-Lysine-Threonine-Threonine-Alanine,1.726808683
Leucine-Leucine-Lysine-Threonine-Threonine-Glutamic acid-Leucine-Leucine-Lysine-Threonine-Threonine-Glutamic acid-Leucine-Leucine-Lysine-Threonine-Threonine-Glutamic acid,1.271609301
Leucine-Asparagine-Serine-Alanine-Glycine-Tyrosine-Leucine-Leucine-Glycine-Lysine-Isoleucine-Asparagine-Leucine-Lysine-Alanine-Leucine-Alanine-Alanine-Leucine-Alanine-Lysine-Lysine-Isoleucine-Leucine,2.625446218
Leucine-Asparagine-Valine-Proline-Proline-Serine-Tryptophan-Phenylalanine-Leucine-Serine-Glutamine-Arginine,1.179838928
Leucine-Proline-Histidine-Proline-Valine-Leucine-Histidine-Methionine-Glycine-Proline-Leucine-Arginine,1.219846386
Leucine-Arginine-Arginine-Glutamic acid-Arginine-Glutamine-Serine-Arginine-Leucine-Arginine-Arginine-Glutamic acid-Arginine-Glutamine-Serine-Arginine,1.780605306
Leucine-Threonine-Methionine-Proline-Serine-Aspartic acid-Leucine-Glutamine-Proline-Valine-Leucine-Tryptophan,1.010299957
Leucine-Threonine-Arginine-Asparagine-Tyrosine-Glutamic acid-Alanine-Tryptophan-Valine-Proline-Threonine-Proline,0.902002891
Methionine-Alanine-Isoleucine-Tyrosine-Arginine-Aspartic acid-Leucine-Isoleucine-Serine,0.465382851
Methionine-Aspartic acid-Alanine-Glutamine-Threonine-Arginine-Arginine-Arginine-Glutamic acid-Arginine-Arginine-Alanine-Glutamic acid-Lysine-Glutamine-Alanine-Glutamine-Glutamine-Tryptophan-Lysine-Alanine-Alanine-Asparagine,1.155943018
Methionine-Glycine-Leucine-Glycine-Leucine-Histidine-Leucine-Leucine-Valine-Leucine-Alanine-Alanine-Alanine-Leucine-Glutamine-Glycine-Alanine,1.502973059
Methionine-Glycine-Leucine-Glycine-Leucine-Histidine-Leucine-Leucine-Valine-Leucine-Alanine-Alanine-Alanine-Leucine-Glutamine-Glycine-Alanine-Lysine-Lysine-Lysine-Arginine-Lysine-Valine,2.473720477
Methionine-Histidine-Lysine-Arginine-Proline-Threonine-Threonine-Proline-Serine-Arginine-Lysine-Methionine,0.797959644
Methionine-Isoleucine-Alanine-Tyrosine-Arginine-Aspartic acid-Leucine-Isoleucine-Serine,0.894869657
Methionine-Isoleucine-Isoleucine-Alanine-Arginine-Aspartic acid-Leucine-Isoleucine-Serine,0.866877814
Methionine-Isoleucine-Isoleucine-Phenylalanine-Alanine-Isoleucine-Alanine-Alanine-Serine-Histidine-Lysine-Lysine,1.97391257
Methionine-Isoleucine-Isoleucine-Phenylalanine-Lysine-Isoleucine-Alanine-Alanine-Serine-Histidine-Lysine-Lysine,1.972573081
Methionine-Isoleucine-Isoleucine-Phenylalanine-Arginine-Alanine-Alanine-Alanine-Serine-Histidine-Lysine-Lysine,1.825620825
Methionine-Isoleucine-Isoleucine-Phenylalanine-Arginine-Alanine-Leucine-Isoleucine-Serine-Histidine-Lysine-Lysine,2.291657396
Methionine-Isoleucine-Isoleucine-Phenylalanine-Arginine-Aspartic acid-Leucine-Isoleucine-Serine-Histidine,1.033825694
Methionine-Isoleucine-Isoleucine-Phenylalanine-Arginine-Isoleucine-Alanine-Alanine-Serine-Histidine-Lysine-Lysine,2.080482179
Methionine-Isoleucine-Isoleucine-Phenylalanine-Arginine-Isoleucine-Alanine-Alanine-Threonine-Histidine-Lysine-Lysine,2.298831252
Methionine-Isoleucine-Isoleucine-Phenylalanine-Arginine-Isoleucine-Alanine-Alanine-Tyrosine-Histidine-Lysine-Lysine,2.243583676
Methionine-Isoleucine-Isoleucine-Phenylalanine-Arginine-Isoleucine-Leucine-Isoleucine-Serine-Histidine-Lysine-Lysine,2.153387979
Methionine-Isoleucine-Isoleucine-Arginine-Arginine-Aspartic acid-Leucine-Isoleucine-Serine-Glutamic acid,0.495544338
Methionine-Isoleucine-Isoleucine-Serine-Arginine-Aspartic acid-Leucine-Isoleucine-Serine-Histidine,0.376576957
Methionine-Isoleucine-Isoleucine-Tyrosine-Alanine-Aspartic acid-Leucine-Isoleucine-Serine,1.230193379
Methionine-Isoleucine-Isoleucine-Tyrosine-Alanine-Arginine-Arginine-Alanine-Glutamic acid-Glutamic acid,1.120902818
Methionine-Isoleucine-Isoleucine-Tyrosine-Arginine-Alanine-Glutamic acid-Isoleucine-Serine-Histidine,1.208172527
Methionine-Isoleucine-Isoleucine-Tyrosine-Arginine-Alanine-Leucine-Isoleucine-Serine,1.587710965
Methionine-Isoleucine-Isoleucine-Tyrosine-Arginine-Alanine-Leucine-Isoleucine-Serine-Histidine-Lysine-Lysine,1.913760886
Methionine-Isoleucine-Isoleucine-Tyrosine-Arginine-Aspartic acid,1.071882007
Methionine-Isoleucine-Isoleucine-Tyrosine-Arginine-Aspartic acid-Alanine-Isoleucine-Serine,1.415474168
Methionine-Isoleucine-Isoleucine-Tyrosine-Arginine-Aspartic acid-Lysine-Lysine-Serine-Histidine,0.770115295
Methionine-Isoleucine-Isoleucine-Tyrosine-Arginine-Aspartic acid-Leucine,1.145817714
Methionine-Isoleucine-Isoleucine-Tyrosine-Arginine-Aspartic acid-Leucine-Alanine-Serine,0.941014244
Methionine-Isoleucine-Isoleucine-Tyrosine-Arginine-Aspartic acid-Leucine-Isoleucine,1.441066407
Methionine-Isoleucine-Isoleucine-Tyrosine-Arginine-Aspartic acid-Leucine-Isoleucine-Alanine,1.117933835
Methionine-Isoleucine-Isoleucine-Tyrosine-Arginine-Aspartic acid-Leucine-Isoleucine-Serine,0.85672889
Methionine-Isoleucine-Isoleucine-Tyrosine-Arginine-Aspartic acid-Leucine-Isoleucine-Serine-Histidine,0.866877814
Methionine-Isoleucine-Isoleucine-Tyrosine-Arginine-Aspartic acid-Leucine-Isoleucine-Serine-Lysine-Lysine,1.289142836
Methionine-Isoleucine-Isoleucine-Tyrosine-Arginine-Isoleucine-Alanine-Alanine-Serine-Histidine-Lysine-Lysine,1.686278678
Methionine-Leucine-Leucine-Leucine-Threonine-Arginine-Arginine-Arginine-Serine-Threonine,1.481012421
Methionine-Threonine-Proline-Serine-Serine-Leucine-Serine-Threonine-Leucine-Proline-Tryptophan-Proline,0.725911632
Methionine-Valine-Arginine-Arginine-Phenylalanine-Leucine-Valine-Threonine-Leucine-Arginine-Isoleucine-Arginine-Arginine-Alanine-Cysteine-Glycine-Proline-Proline-Arginine-Valine-Arginine-Valine,1.641672373
Methionine-Valine-Threonine-Valine-Leucine-Phenylalanine-Arginine-Arginine-Leucine-Arginine-Isoleucine-Arginine-Arginine-Alanine-Cysteine-Glycine-Proline-Proline-Arginine-Valine-Arginine-Valine,1.890588668
Asparagine-Alanine-Lysine-Threonine-Arginine-Arginine-Histidine-Glutamic acid-Arginine-Arginine-Arginine-Lysine-Leucine-Alanine-Isoleucine-Glutamic acid-Arginine-Glycine-Cysteine,1.672190251
Asparagine-Isoleucine-Glutamic acid-Asparagine-Serine-Threonine-Leucine-Alanine-Threonine-Proline-Leucine-Serine,0.195899652
Asparagine-Lysine-Arginine-Isoleucine-Leucine-Isoleucine-Arginine-Isoleucine-Methionine-Threonine-Arginine-Proline,1.916348652
Asparagine-Arginine-Alanine-Arginine-Arginine-Asparagine-Arginine-Arginine-Arginine-Valine-Arginine,1.188365926
Asparagine-Arginine-Arginine-Methionine-Lysine-Tryptophan-Lysine-Lysine,1.15624619
Asparagine-Serine-Glycine-Threonine-Methionine-Glutamine-Serine-Alanine-Serine-Arginine-Alanine-Threonine,0.567026366
Asparagine-Tyrosine-Threonine-Threonine-Tyrosine-Lysine-Serine-Histidine-Phenylalanine-Glutamine-Aspartic acid-Arginine,0.859738566
Proline-Alanine-Arginine-Alanine-Alanine-Arginine-Arginine-Alanine-Alanine-Arginine-Arginine,0.80140371
Proline-Phenylalanine-Valine-Tyrosine-Leucine-Isoleucine,1.436003536
Proline-Isoleucine-Arginine-Arginine-Arginine-Lysine-Lysine-Leucine-Arginine-Arginine-Leucine-Lysine,1.540704783
Proline-Lysine-Lysine-Lysine-Arginine-Lysine-Valine,1.178401342
Proline-Lysine-Lysine-Lysine-Arginine-Lysine-Valine-Alanine-Leucine-Tryptophan-Lysine-Threonine-Leucine-Leucine-Lysine-Lysine-Valine-Leucine-Lysine-Alanine,2.591965668
Proline-Leucine-Serine-Serine-Isoleucine-Phenylalanine-Serine-Arginine-Isoleucine-Glycine-Aspartic acid-Proline,0.781036939
Proline-Methionine-Leucine-Lysine-Glutamic acid,1.123198075
Proline-Asparagine-Threonine-Arginine-Valine-Arginine-Proline-Aspartic acid-Valine-Serine-Phenylalanine,0.478566496
Proline-Proline-Histidine-Asparagine-Arginine-Isoleucine-Glutamine-Arginine-Arginine-Leucine-Asparagine-Methionine,0.45484486
Proline-Proline-Lysine-Lysine-Serine-Alanine-Glutamine-Cysteine-Leucine-Arginine-Tyrosine-Lysine-Lysine-Proline-Glutamic acid,1.196728723
Proline-Proline-Arginine-Leucine-Arginine-Lysine-Arginine-Arginine-Glutamine-Leucine-Asparagine-Methionine,1.097951071
Proline-Glutamine-Asparagine-Arginine-Leucine-Glutamine-Isoleucine-Arginine-Arginine-Histidine-Serine-Lysine,1.230193379
Proline-Arginine-Proline-Leucine-Proline-Phenylalanine-Proline-Arginine-Proline-Glycine,0.477121255
Proline-Serine-Lysine-Arginine-Leucine-Leucine-Histidine-Asparagine-Asparagine-Leucine-Arginine-Arginine,0.918030337
Proline-Serine-Serine-Serine-Serine-Serine-Serine-Arginine-Isoleucine-Glycine-Aspartic acid-Proline,1.203848464
Glutamine-Alanine-Alanine-Serine-Arginine-Valine-Glutamic acid-Asparagine-Tyrosine-Methionine-Histidine-Arginine,0.025305865
Glutamine-Isoleucine-Isoleucine-Serine-Arginine-Aspartic acid-Leucine-Isoleucine-Serine-Histidine,0.103803721
Glutamine-Isoleucine-Lysine-Isoleucine-Tryptophan-Phenylalanine-Glutamine-Asparagine-Arginine-Arginine-Methionine-Lysine-Tryptophan-Lysine-Lysine,2.271748699
Glutamine-Leucine-Alanine-Leucine-Glutamine-Leucine-Alanine-Leucine-Glutamine-Alanine-Leucine-Glutamine-Alanine-Alanine-Leucine-Glutamine-Leucine-Alanine,1.997866726
Glutamine-Leucine-Proline-Valine-Methionine,1.015359755
Glutamine-Asparagine-Arginine-Arginine-Methionine-Lysine-Tryptophan-Lysine-Lysine,1.225050696
Glutamine-Proline-Isoleucine-Isoleucine-Isoleucine-Threonine-Serine-Proline-Tyrosine-Leucine-Proline-Serine,0.531478917
Glutamine-Glutamine-Histidine-Leucine-Leucine-Isoleucine-Alanine-Isoleucine-Asparagine-Glycine-Tyrosine-Proline-Arginine-Tyrosine-Asparagine,1.393926007
Glutamine-Arginine-Isoleucine-Arginine-Lysine-Serine-Lysine-Isoleucine-Serine-Arginine-Threonine-Leucine,1.079904468
Glutamine-Serine-Proline-Threonine-Aspartic acid-Phenylalanine-Threonine-Phenylalanine-Proline-Asparagine-Proline-Leucine,0.95230801
Glutamine-Threonine-Arginine-Arginine-Arginine-Glutamic acid-Arginine-Arginine-Alanine-Glutamic acid-Lysine-Glutamine-Alanine-Glutamine-Tryptophan,1.114277297
Arginine-Alanine-Glycine-Leucine-Glutamine-Phenylalanine-Proline-Valine-Glycine-Arginine-Valine-Histidine-Arginine-Leucine-Leucine-Arginine-Lysine,1.160168293
Arginine-Alanine-Isoleucine-Lysine-Isoleucine-Tryptophan-Phenylalanine-Glutamine-Asparagine-Arginine-Arginine-Methionine-Lysine-Tryptophan-Lysine-Lysine,1.930490565
Arginine-Alanine-Tryptophan-Methionine-Arginine-Tryptophan-Tyrosine-Serine-Proline-Threonine-Threonine-Arginine-Arginine-Tyrosine-Glycine,1.461048092
Arginine-Histidine-Isoleucine-Lysine-Isoleucine-Tryptophan-Phenylalanine-Glutamine-Asparagine-Arginine-Arginine-Methionine-Lysine-Tryptophan-Lysine-Lysine,2.156306799
Arginine-Isoleucine-Phenylalanine-Isoleucine-Glycine-Cysteine,1.703033305
Arginine-Isoleucine-Phenylalanine-Isoleucine-Histidine-Phenylalanine-Arginine-Isoleucine-Glycine-Cysteine,1.689930104
Arginine-Isoleucine-Phenylalanine-Isoleucine-Arginine-Isoleucine-Glycine-Cysteine,1.421768401
Arginine-Isoleucine-Leucine-Glutamine-Glutamine-Leucine-Leucine-Phenylalanine-Isoleucine-Histidine-Phenylalanine,1.542078146
Arginine-Isoleucine-Leucine-Glutamine-Glutamine-Leucine-Leucine-Phenylalanine-Isoleucine-Histidine-Phenylalanine-Arginine-Isoleucine-Glycine-Cysteine,1.88155583
Arginine-Isoleucine-Leucine-Glutamine-Glutamine-Leucine-Leucine-Phenylalanine-Isoleucine-Histidine-Phenylalanine-Arginine-Isoleucine-Glycine-Cysteine-Arginine-Histidine,1.943296615
Arginine-Isoleucine-Leucine-Glutamine-Glutamine-Leucine-Leucine-Phenylalanine-Isoleucine-Histidine-Phenylalanine-Arginine-Isoleucine-Glycine-Cysteine-Arginine-Histidine-Serine-Arginine-Isoleucine,1.976258249
Arginine-Isoleucine-Arginine-Methionine-Isoleucine-Glutamine-Asparagine-Leucine-Isoleucine-Lysine-Lysine-Threonine,1.345765693
Arginine-Lysine-Lysine-Arginine-Arginine-Alanine-Arginine-Arginine-Arginine,1.651374944
Arginine-Lysine-Lysine-Arginine-Arginine-Glutamine-Arginine-Arginine,1.41447195
Arginine-Lysine-Lysine-Arginine-Arginine-Glutamine-Arginine-Arginine-Arginine,1.860158261
Arginine-Lysine-Lysine-Arginine-Arginine-Arginine-Glutamic acid-Serine-Arginine-Lysine-Lysine-Arginine-Arginine-Arginine-Glutamic acid-Serine,1.823474229
Arginine-Lysine-Lysine-Arginine-Arginine-Arginine-Glutamic acid-Serine-Arginine-Lysine-Lysine-Arginine-Arginine-Arginine-Glutamic acid-Serine-Cysteine,2.033584576
Arginine-Lysine-Lysine-Arginine-Arginine-Arginine-Glutamic acid-Serine-Arginine-Arginine-Alanine-Arginine-Arginine-Serine-Proline-Arginine-Histidine-Leucine,1.836956737
Arginine-Leucine-Alanine-Methionine-Arginine-Tryptophan-Tyrosine-Serine-Proline-Threonine-Threonine-Arginine-Arginine-Tyrosine-Glycine,1.825231323
Arginine-Leucine-Phenylalanine-Methionine-Arginine-Phenylalanine-Tyrosine-Serine-Proline-Threonine-Threonine-Arginine-Arginine-Tyrosine-Glycine,1.968576335
Arginine-Leucine-Isoleucine-Methionine-Arginine-Isoleucine-Tyrosine-Serine-Proline-Threonine-Threonine-Arginine-Arginine-Tyrosine-Glycine,1.974189191
Arginine-Leucine-Serine-Glycine-Methionine-Asparagine-Glutamic acid-Valine-Leucine-Serine-Phenylalanine-Arginine-Tryptophan-Leucine,1.476686743
Arginine-Leucine-Valine-Methionine-Arginine-Valine-Tyrosine-Serine-Proline-Threonine-Threonine-Arginine-Arginine-Tyrosine-Glycine,2.150265087
Arginine-Leucine-Tryptophan-Alanine-Arginine-Tryptophan-Tyrosine-Serine-Proline-Threonine-Threonine-Arginine-Arginine-Tyrosine-Glycine,1.814180981
Arginine-Leucine-Tryptophan-Methionine-Arginine-Tryptophan-Alanine-Serine-Proline-Threonine-Threonine-Arginine-Arginine-Tyrosine-Glycine,1.921426341
Arginine-Leucine-Tryptophan-Methionine-Arginine-Tryptophan-Tyrosine-Alanine-Proline-Threonine-Threonine-Arginine-Arginine-Tyrosine-Glycine,1.993083361
Arginine-Leucine-Tryptophan-Methionine-Arginine-Tryptophan-Tyrosine-Serine-Proline-Alanine-Threonine-Arginine-Arginine-Tyrosine-Glycine,2.031085148
Arginine-Leucine-Tryptophan-Methionine-Arginine-Tryptophan-Tyrosine-Serine-Proline-Threonine-Alanine-Arginine-Arginine-Tyrosine-Glycine,1.949292401
Arginine-Leucine-Tryptophan-Methionine-Arginine-Tryptophan-Tyrosine-Serine-Proline-Threonine-Threonine-Arginine-Arginine-Alanine-Glycine,2.229502662
Arginine-Leucine-Tryptophan-Methionine-Arginine-Tryptophan-Tyrosine-Serine-Proline-Threonine-Threonine-Arginine-Arginine-Tyrosine-Alanine,2.171697207
Arginine-Leucine-Tryptophan-Methionine-Arginine-Tryptophan-Tyrosine-Serine-Proline-Threonine-Threonine-Arginine-Arginine-Tyrosine-Glycine,2.018742096
Arginine-Leucine-Tryptophan-Methionine-Arginine-Tryptophan-Tyrosine-Serine-Proline-Tryptophan-Threonine-Arginine-Arginine-Tyrosine-Glycine,1.532244644
Arginine-Leucine-Tryptophan-Arginine-Alanine-Leucine-Proline-Arginine-Valine-Leucine-Arginine-Arginine-Leucine-Leucine-Arginine-Proline,2.278296208
Arginine-Leucine-Tyrosine-Methionine-Arginine-Tyrosine-Tyrosine-Serine-Proline-Threonine-Threonine-Arginine-Arginine-Tyrosine-Glycine,1.930847192
Arginine-Asparagine-Arginine-Serine-Arginine-Histidine-Arginine-Arginine,0.81756537
Arginine-Glutamine-Alanine-Lysine-Isoleucine-Tryptophan-Phenylalanine-Glutamine-Asparagine-Arginine-Arginine-Methionine-Lysine-Tryptophan-Lysine-Lysine,1.901294817
Arginine-Glutamine-Alanine-Arginine-Arginine-Asparagine-Arginine-Arginine-Arginine-Alanine-Leucine-Tryptophan-Lysine-Threonine-Leucine-Leucine-Lysine-Lysine-Valine-Leucine-Lysine-Alanine,2.654147652
Arginine-Glutamine-Alanine-Arginine-Arginine-Asparagine-Arginine-Arginine-Arginine-Cysteine,1.836324116
Arginine-Glutamine-Isoleucine-Alanine-Isoleucine-Tryptophan-Phenylalanine-Glutamine-Asparagine-Arginine-Arginine-Methionine-Lysine-Tryptophan-Lysine-Lysine,2.183753706
Arginine-Glutamine-Isoleucine-Lysine-Alanine-Tryptophan-Phenylalanine-Glutamine-Asparagine-Arginine-Arginine-Methionine-Lysine-Tryptophan-Lysine-Lysine,1.787814567
Arginine-Glutamine-Isoleucine-Lysine-Isoleucine-Alanine-Phenylalanine-Glutamine-Asparagine-Arginine-Arginine-Methionine-Lysine-Tryptophan-Lysine-Lysine,2.088844563
Arginine-Glutamine-Isoleucine-Lysine-Isoleucine-Phenylalanine-Phenylalanine-Glutamine-Asparagine-Arginine-Arginine-Methionine-Lysine-Phenylalanine-Lysine-Lysine,2.323561463
Arginine-Glutamine-Isoleucine-Lysine-Isoleucine-Phenylalanine-Phenylalanine-Glutamine-Asparagine-Arginine-Arginine-Methionine-Lysine-Tryptophan-Lysine-Lysine,2.378597739
Arginine-Glutamine-Isoleucine-Lysine-Isoleucine-Tryptophan-Alanine-Glutamine-Asparagine-Arginine-Arginine-Methionine-Lysine-Tryptophan-Lysine-Lysine,1.883547879
Arginine-Glutamine-Isoleucine-Lysine-Isoleucine-Tryptophan-Phenylalanine-Alanine-Asparagine-Arginine-Arginine-Methionine-Lysine-Tryptophan-Lysine-Lysine,2.220448065
Arginine-Glutamine-Isoleucine-Lysine-Isoleucine-Tryptophan-Phenylalanine-Proline-Asparagine-Arginine-Arginine-Methionine-Lysine-Tryptophan-Lysine-Lysine,2.144325078
Arginine-Glutamine-Isoleucine-Lysine-Isoleucine-Tryptophan-Phenylalanine-Glutamine-Alanine-Arginine-Arginine-Methionine-Lysine-Tryptophan-Lysine-Lysine,2.259139758
Arginine-Glutamine-Isoleucine-Lysine-Isoleucine-Tryptophan-Phenylalanine-Glutamine-Asparagine-Alanine-Arginine-Methionine-Lysine-Tryptophan-Lysine-Lysine,2.014394516
Arginine-Glutamine-Isoleucine-Lysine-Isoleucine-Tryptophan-Phenylalanine-Glutamine-Asparagine-Methionine-Arginine-Arginine-Lysine-Tryptophan-Lysine-Lysine,2.290635526
Arginine-Glutamine-Isoleucine-Lysine-Isoleucine-Tryptophan-Phenylalanine-Glutamine-Asparagine-Arginine-Alanine-Methionine-Lysine-Tryptophan-Lysine-Lysine,2.068631064
Arginine-Glutamine-Isoleucine-Lysine-Isoleucine-Tryptophan-Phenylalanine-Glutamine-Asparagine-Arginine-Arginine-Alanine-Lysine-Tryptophan-Lysine-Lysine,2.198712057
Arginine-Glutamine-Isoleucine-Lysine-Isoleucine-Tryptophan-Phenylalanine-Glutamine-Asparagine-Arginine-Arginine-Methionine-Lysine,1.820923588
Arginine-Glutamine-Isoleucine-Lysine-Isoleucine-Tryptophan-Phenylalanine-Glutamine-Asparagine-Arginine-Arginine-Methionine-Lysine-Alanine-Lysine-Lysine,2.089834489
Arginine-Glutamine-Isoleucine-Lysine-Isoleucine-Tryptophan-Phenylalanine-Glutamine-Asparagine-Arginine-Arginine-Methionine-Lysine-Tryptophan,2.090046322
Arginine-Glutamine-Isoleucine-Lysine-Isoleucine-Tryptophan-Phenylalanine-Glutamine-Asparagine-Arginine-Arginine-Methionine-Lysine-Tryptophan-Lysine,2.388403184
Arginine-Glutamine-Isoleucine-Lysine-Isoleucine-Tryptophan-Phenylalanine-Glutamine-Asparagine-Arginine-Arginine-Methionine-Lysine-Tryptophan-Lysine-Lysine,2.254644737
Arginine-Glutamine-Isoleucine-Arginine-Isoleucine-Tryptophan-Phenylalanine-Glutamine-Asparagine-Arginine-Arginine-Methionine-Arginine-Tryptophan-Arginine-Arginine,2.017492446
Arginine-Glutamine-Leucine-Arginine-Isoleucine-Alanine-Glycine-Arginine-Arginine-Leucine-Arginine-Glycine-Arginine-Serine-Arginine,1.401400541
Arginine-Glutamine-Proline-Lysine-Isoleucine-Tryptophan-Phenylalanine-Proline-Asparagine-Arginine-Arginine-Lysine-Proline-Tryptophan-Lysine-Lysine,1.792671789
Arginine-Glutamine-Arginine-Serine-Arginine-Arginine-Arginine-Proline-Leucine-Asparagine-Isoleucine-Arginine,1.067814511
Arginine-Arginine-Histidine-Histidine-Cysteine-Arginine-Serine-Lysine-Alanine-Lysine-Arginine-Serine-Arginine,1.990827051
Arginine-Arginine-Isoleucine-Proline-Asparagine-Arginine-Arginine-Proline-Arginine-Arginine,1.290924559
Arginine-Arginine-Isoleucine-Arginine-Proline-Arginine-Proline-Proline-Arginine-Leucine-Proline-Arginine-Proline-Arginine-Proline,1.476686743
Arginine-Arginine-Methionine-Lysine-Tryptophan-Lysine-Lysine,1.669874502
Arginine-Arginine-Glutamine-Arginine-Arginine-Threonine-Serine-Lysine-Leucine-Methionine-Lysine-Arginine,1.122215878
Arginine-Arginine-Arginine-Glutamic acid-Arginine-Arginine-Alanine-Glutamic acid-Lysine,1.003891166
Arginine-Arginine-Arginine-Glutamine-Arginine-Arginine-Lysine-Lysine-Arginine,1.617210095
Arginine-Arginine-Arginine-Glutamine-Arginine-Arginine-Lysine-Lysine-Arginine-Glycine-Tyrosine,1.847634344
Arginine-Arginine-Arginine-Arginine-Asparagine-Arginine-Threonine-Arginine-Arginine-Asparagine-Arginine-Arginine-Arginine-Valine-Arginine-Glycine-Cysteine,1.864926192
Arginine-Arginine-Arginine-Arginine-Arginine,0.866877814
Arginine-Arginine-Arginine-Arginine-Arginine-Arginine,1.190611798
Arginine-Arginine-Arginine-Arginine-Arginine-Arginine-Arginine,1.615950052
Arginine-Arginine-Arginine-Arginine-Arginine-Arginine-Arginine-Arginine,1.981456167
Arginine-Arginine-Arginine-Arginine-Arginine-Arginine-Arginine-Arginine-Arginine,1.669037801
Arginine-Arginine-Arginine-Arginine-Arginine-Arginine-Arginine-Arginine-Arginine-Arginine-Arginine,1.41564098
Arginine-Arginine-Arginine-Arginine-Arginine-Arginine-Arginine-Tryptophan,1.866936818
Arginine-Arginine-Valine-Threonine-Serine-Tryptophan-Leucine-Glycine-Arginine-Glutamine-Leucine-Arginine-Isoleucine-Alanine-Glycine-Lysine-Arginine-Leucine-Glutamic acid-Glycine-Arginine-Serine-Lysine,2.164352856
Arginine-Arginine-Tryptophan-Arginine-Arginine-Tryptophan-Tryptophan-Arginine-Arginine-Tryptophan-Tryptophan-Arginine-Arginine-Tryptophan-Arginine-Arginine,1.734159513
Arginine-Threonine-Leucine-Valine-Asparagine-Glutamic acid-Tyrosine-Lysine-Asparagine-Threonine-Leucine-Lysine-Phenylalanine-Serine-Lysine,0.993876915
Arginine-Threonine-Arginine-Arginine-Asparagine-Arginine-Arginine-Arginine-Valine-Arginine,1.356408327
Arginine-Valine-Isoleucine-Arginine-Valine-Tryptophan-Phenylalanine-Glutamine-Asparagine-Lysine-Arginine-Cysteine-Lysine-Aspartic acid-Lysine-Lysine,2.074779882
Arginine-Valine-Isoleucine-Arginine-Tryptophan-Phenylalanine-Glutamine-Asparagine-Lysine-Arginine-Cysteine-Lysine-Aspartic acid-Lysine-Lysine,2.129947557
Arginine-Valine-Isoleucine-Arginine-Tryptophan-Phenylalanine-Glutamine-Asparagine-Lysine-Arginine-Serine-Lysine-Aspartic acid-Lysine-Lysine,1.851013607
Arginine-Valine-Arginine-Glutamic acid-Tryptophan-Tryptophan-Tyrosine-Threonine-Isoleucine-Threonine-Leucine-Lysine-Glutamine-Glutamic acid-Serine,1.671543085
Arginine-Valine-Arginine-Serine-Tryptophan-Leucine-Glycine-Arginine-Glutamine-Leucine-Arginine-Isoleucine-Alanine-Glycine-Lysine-Arginine-Leucine-Glutamic acid-Glycine-Arginine-Serine-Lysine,1.856668484
Arginine-Valine-Arginine-Valine-Phenylalanine-Valine-Valine-Histidine-Isoleucine-Proline-Arginine-Leucine-Threonine,2.439237928
Arginine-Valine-Threonine-Serine-Tryptophan-Leucine-Glycine-Arginine-Glutamine-Leucine-Arginine-Isoleucine-Alanine-Glycine-Lysine-Arginine-Leucine-Glutamic acid-Glycine-Arginine-Serine-Lysine,1.891481704
Serine-Alanine-Glutamic acid-Threonine-Valine-Glutamic acid-Serine-Cysteine-Leucine-Alanine-Lysine-Serine-Histidine,1.646599752
Serine-Alanine-Arginine-Histidine-Histidine-Cysteine-Arginine-Serine-Lysine-Alanine-Lysine-Arginine-Serine-Arginine-Histidine-Histidine,1.663418212
Serine-Alanine-Threonine-Glycine-Alanine-Proline-Tryptophan-Lysine-Methionine-Tryptophan-Valine-Arginine,1.06595298
Serine-Phenylalanine-Histidine-Glutamine-Phenylalanine-Alanine-Arginine-Alanine-Threonine-Leucine-Alanine-Serine,1.229937686
Serine-Histidine-Alanine-Phenylalanine-Threonine-Tryptophan-Proline-Threonine-Tyrosine-Leucine-Glutamine-Leucine,1.020361283
Serine-Histidine-Asparagine-Tryptophan-Leucine-Proline-Leucine-Tryptophan-Proline-Leucine-Arginine-Proline,1.748032894
Serine-Leucine-Glycine-Tryptophan-Methionine-Leucine-Proline-Phenylalanine-Serine-Proline-Proline-Phenylalanine,0.959518377
Serine-Methionine-Leucine-Lysine-Arginine-Asparagine-Histidine-Serine-Threonine-Serine-Asparagine-Arginine,0.955206538
Serine-Asparagine-Proline-Tryptophan-Aspartic acid-Serine-Leucine-Leucine-Serine-Valine-Serine-Threonine,0.371067862
Serine-Proline-Methionine-Glutamine-Lysine-Threonine-Methionine-Asparagine-Leucine-Proline-Proline-Methionine,1.202760687
Serine-Glutamine-Methionine-Threonine-Arginine-Glutamine-Alanine-Arginine-Arginine-Leucine-Tyrosine-Valine,0.989449818
Serine-Arginine-Alanine-Histidine-Histidine-Cysteine-Arginine-Serine-Lysine-Alanine-Lysine-Arginine-Serine-Arginine-Histidine-Histidine,1.665674781
Serine-Arginine-Arginine-Alanine-Histidine-Cysteine-Arginine-Serine-Lysine-Alanine-Lysine-Arginine-Serine-Arginine-Histidine-Histidine,1.762153192
Serine-Arginine-Arginine-Alanine-Arginine-Arginine-Serine-Proline-Arginine-Glutamic acid-Serine-Glycine-Lysine-Lysine-Arginine-Lysine-Arginine-Lysine-Arginine,1.721563318
Serine-Arginine-Arginine-Alanine-Arginine-Arginine-Serine-Proline-Arginine-Histidine-Leucine-Glycine-Serine-Glycine,0.783188691
Serine-Arginine-Arginine-Histidine-Alanine-Cysteine-Arginine-Serine-Lysine-Alanine-Lysine-Arginine-Serine-Arginine-Histidine-Histidine,1.847017098
Serine-Arginine-Arginine-Histidine-Histidine-Alanine-Arginine-Serine-Lysine-Alanine-Lysine-Arginine-Serine-Arginine-Histidine-Histidine,1.05422991
Serine-Arginine-Arginine-Histidine-Histidine-Cysteine-Arginine-Alanine-Lysine-Alanine-Lysine-Arginine-Serine-Arginine-Histidine-Histidine,1.840545188
Serine-Arginine-Arginine-Histidine-Histidine-Cysteine-Arginine-Serine-Alanine-Alanine-Lysine-Arginine-Serine-Arginine-Histidine-Histidine,1.704407927
Serine-Arginine-Arginine-Histidine-Histidine-Cysteine-Arginine-Serine-Lysine-Alanine-Alanine-Arginine-Serine-Arginine-Histidine-Histidine,1.739414103
Serine-Arginine-Arginine-Histidine-Histidine-Cysteine-Arginine-Serine-Lysine-Alanine-Lysine-Alanine-Serine-Arginine-Histidine-Histidine,1.677698181
Serine-Arginine-Arginine-Histidine-Histidine-Cysteine-Arginine-Serine-Lysine-Alanine-Lysine-Arginine-Alanine-Arginine-Histidine-Histidine,1.788663213
Serine-Arginine-Arginine-Histidine-Histidine-Cysteine-Arginine-Serine-Lysine-Alanine-Lysine-Arginine-Serine-Alanine-Histidine-Histidine,1.693814854
Serine-Arginine-Arginine-Lysine-Arginine-Glutamine-Arginine-Serine-Asparagine-Methionine-Arginine-Isoleucine,0.980911938
Serine-Serine-Serine-Isoleucine-Phenylalanine-Proline-Proline-Tryptophan-Leucine-Serine-Phenylalanine-Phenylalanine,1.558228422
Serine-Tryptophan-Alanine-Glutamine-Histidine-Leucine-Serine-Leucine-Proline-Proline-Valine-Leucine,1.102090526
Serine-Tryptophan-Leucine-Proline-Tyrosine-Proline-Tryptophan-Histidine-Valine-Proline-Serine-Serine,0.641474111
Serine-Tryptophan-Tryptophan-Threonine-Proline-Tryptophan-Histidine-Valine-Histidine-Serine-Glutamic acid-Serine,0.702430536
Serine-Tyrosine-Isoleucine-Glutamine-Arginine-Threonine-Proline-Serine-Threonine-Threonine-Leucine-Proline,1.51295108
Threonine-Alanine-Lysine-Threonine-Arginine-Tyrosine-Lysine-Alanine-Arginine-Arginine-Alanine-Glutamic acid-Leucine-Isoleucine-Alanine-Glutamic acid-Arginine-Arginine,1.338655666
Threonine-Phenylalanine-Proline-Glutamine-Threonine-Alanine-Isoleucine-Glycine-Valine-Glycine-Alanine-Proline,0.810232518
Threonine-Lysine-Arginine-Arginine-Isoleucine-Threonine-Proline-Lysine-Aspartic acid-Valine-Isoleucine-Aspartic acid-Valine-Arginine-Serine-Valine-Threonine-Threonine-Glutamic acid-Isoleucine-Asparagine-Threonine,0.531478917
Threonine-Lysine-Arginine-Arginine-Isoleucine-Threonine-Proline-Lysine-Aspartic acid-Valine-Isoleucine-Aspartic acid-Valine-Arginine-Serine-Valine-Threonine-Threonine-Lysine-Isoleucine-Asparagine-Threonine,0.773786445
Threonine-Lysine-Arginine-Arginine-Isoleucine-Threonine-Proline-Lysine-Lysine-Valine-Isoleucine-Aspartic acid-Valine-Arginine-Serine-Valine-Threonine-Threonine-Glutamic acid-Isoleucine-Asparagine-Threonine,1.039017322
Threonine-Leucine-Proline-Serine-Proline-Leucine-Alanine-Leucine-Leucine-Threonine-Valine-Histidine,1.2757719
Threonine-Proline-Lysine-Threonine-Methionine-Threonine-Glutamine-Threonine-Tyrosine-Aspartic acid-Phenylalanine-Serine,0.017033339
Threonine-Arginine-Asparagine-Lysine-Arginine-Asparagine-Arginine-Isoleucine-Glutamine-Glutamic acid-Glutamine-Leucine-Asparagine-Arginine-Lysine,0.562292864
Threonine-Arginine-Glutamine-Alanine-Arginine-Arginine-Asparagine-Arginine-Arginine-Arginine-Arginine-Tryptophan-Arginine-Glutamic acid-Arginine-Glutamine-Arginine,2.092860943
Threonine-Arginine-Arginine-Glutamine-Arginine-Threonine-Arginine-Arginine-Alanine-Arginine-Arginine-Asparagine-Arginine-Glycine-Cysteine,2.061904634
Threonine-Arginine-Arginine-Serine-Lysine-Arginine-Arginine-Serine-Histidine-Arginine-Lysine-Phenylalanine,1.471878199
Threonine-Serine-Histidine-Threonine-Aspartic acid-Alanine-Proline-Proline-Alanine-Arginine-Serine-Proline,0.178976947
Threonine-Serine-Proline-Leucine-Asparagine-Isoleucine-Histidine-Asparagine-Glycine-Glutamine-Lysine-Leucine,0.78604121
Valine-Lysine-Leucine-Proline-Proline-Proline-Valine-Lysine-Leucine-Proline-Proline-Proline-Valine-Lysine-Leucine-Proline-Proline-Proline,1.424718337
Valine-Lysine-Arginine-Lysine-Lysine-Lysine-Proline-Alanine-Leucine-Tryptophan-Lysine-Threonine-Leucine-Leucine-Lysine-Lysine-Valine-Leucine-Lysine-Alanine,2.966338881
Valine-Leucine-Glycine-Glutamine-Serine-Glycine-Tyrosine-Leucine-Methionine-Proline-Methionine-Arginine,1.058426024
Valine-Proline-Alanine-Leucine-Lysine,0.645422269
Valine-Proline-Alanine-Leucine-Arginine,0.541579244
Valine-Proline-Methionine-Isoleucine-Lysine,1.308991029
Valine-Proline-Methionine-Leucine-Lysine,0.311753861
Valine-Proline-Threonine-Leucine-Glutamic acid,0.281033367
Valine-Proline-Threonine-Leucine-Lysine,0.0
Valine-Proline-Threonine-Leucine-Glutamine,0.695481676
Valine-Arginine-Leucine-Proline-Proline-Proline-Valine-Arginine-Leucine-Proline-Proline-Proline-Valine-Arginine-Leucine-Proline-Proline-Proline,1.222716471
Valine-Arginine-Arginine-Phenylalanine-Leucine-Valine-Threonine-Leucine-Arginine-Isoleucine-Arginine-Arginine-Alanine,2.243062865
Valine-Serine-Alanine-Leucine-Lysine,0.139879086
Valine-Serine-Glycine-Lysine-Lysine,0.555094449
Valine-Serine-Lysine-Glutamine-Proline-Tyrosine-Tyrosine-Methionine-Tryptophan-Asparagine-Glycine-Asparagine,0.841984805
Valine-Serine-Leucine-Lysine-Lysine,0.1430148
Tryptophan-Phenylalanine-Glutamine-Asparagine-Arginine-Arginine-Methionine-Lysine-Tryptophan-Lysine-Lysine,1.690018781
Tryptophan-Isoleucine-Isoleucine-Phenylalanine-Lysine-Isoleucine-Alanine-Alanine-Serine-Histidine-Lysine-Lysine,2.136783963
Tryptophan-Isoleucine-Isoleucine-Phenylalanine-Arginine-Alanine-Alanine-Alanine-Serine-Histidine-Lysine-Lysine,1.960756091
Tryptophan-Isoleucine-Isoleucine-Phenylalanine-Arginine-Alanine-Leucine-Isoleucine-Serine-Histidine-Lysine-Lysine,2.268086304
Tryptophan-Isoleucine-Isoleucine-Phenylalanine-Arginine-Isoleucine-Alanine-Alanine-Serine-Histidine-Lysine-Lysine,2.25022477
Tryptophan-Isoleucine-Isoleucine-Phenylalanine-Arginine-Isoleucine-Alanine-Alanine-Threonine-Histidine-Lysine-Lysine,2.436242181
Tryptophan-Isoleucine-Isoleucine-Phenylalanine-Arginine-Isoleucine-Alanine-Alanine-Tyrosine-Histidine-Lysine-Lysine,2.275909969
Tryptophan-Lysine-Cysteine-Arginine-Arginine-Glutamine-Cysteine-Phenylalanine-Arginine-Valine-Leucine-Histidine-Histidine-Tryptophan-Asparagine,1.979366242
Tryptophan-Leucine-Arginine-Arginine-Isoleucine-Lysine-Alanine-Tryptophan-Leucine-Arginine-Arginine-Isoleucine-Lysine-Alanine-Leucine-Asparagine-Arginine-Glutamine-Leucine-Glycine-Valine-Alanine-Alanine,3.004931537
Tryptophan-Arginine-Phenylalanine-Lysine-Alanine-Alanine-Valine-Alanine-Leucine-Leucine-Proline-Alanine-Valine-Leucine-Leucine-Alanine-Leucine-Leucine-Alanine-Proline,1.710625015
Tryptophan-Arginine-Phenylalanine-Lysine-Lysine-Serine-Lysine-Arginine-Lysine-Valine,1.618675539
Tryptophan-Arginine-Phenylalanine-Lysine-Tryptophan-Arginine-Phenylalanine-Lysine,1.953856298
Tryptophan-Arginine-Phenylalanine-Lysine-Tryptophan-Arginine-Phenylalanine-Lysine-Tryptophan-Arginine-Phenylalanine-Lysine,2.188816031
Tryptophan-Arginine-Tryptophan-Arginine-Tryptophan-Arginine-Tryptophan-Arginine-Tryptophan-Arginine-Tryptophan-Arginine-Tryptophan-Arginine,1.754348336
Tyrosine-Alanine-Arginine-Alanine-Alanine-Alanine-Arginine-Glutamine-Alanine-Arginine-Alanine,0.796574333
Tyrosine-Alanine-Arginine-Alanine-Alanine-Arginine-Arginine-Alanine-Alanine-Arginine-Arginine,1.585573519
Tyrosine-Alanine-Arginine-Glutamic acid-Alanine-Arginine-Arginine-Alanine-Alanine-Arginine-Arginine,1.064457989
Tyrosine-Alanine-Arginine-Lysine-Alanine-Arginine-Arginine-Alanine-Alanine-Arginine-Arginine,1.524655712
Tyrosine-Glutamic acid-Arginine-Glutamic acid-Alanine-Arginine-Arginine-Alanine-Alanine-Arginine-Arginine,1.053462605
Tyrosine-Glycine-Arginine-Alanine-Alanine-Arginine-Arginine-Alanine-Alanine-Arginine-Arginine,1.174931594
Tyrosine-Glycine-Arginine-Lysine-Lysine-Lysine-Arginine-Arginine-Glutamine-Arginine-Arginine-Arginine,1.899054068
Tyrosine-Glycine-Arginine-Lysine-Lysine-Arginine-Arginine-Glutamine-Arginine-Arginine-Arginine,1.705264862
Tyrosine-Glycine-Arginine-Arginine-Alanine-Arginine-Arginine-Alanine-Alanine-Arginine-Arginine,1.532627001
Tyrosine-Glycine-Arginine-Arginine-Alanine-Arginine-Arginine-Arginine-Alanine-Arginine-Arginine,1.681783766
Tyrosine-Glycine-Arginine-Arginine-Alanine-Arginine-Arginine-Arginine-Arginine-Arginine-Arginine,1.816638945
Tyrosine-Glycine-Arginine-Arginine-Arginine-Arginine-Arginine-Arginine-Arginine-Arginine-Arginine,1.762528522
Tyrosine-Isoleucine-Valine-Leucine-Arginine-Arginine-Arginine-Arginine-Lysine-Arginine-Valine-Asparagine-Threonine-Lysine-Arginine-Serine,2.289522064
Tyrosine-Lysine-Arginine-Alanine-Alanine-Arginine-Arginine-Alanine-Alanine-Arginine-Arginine,1.416474079
Tyrosine-Lysine-Arginine-Lysine-Alanine-Arginine-Arginine-Alanine-Alanine-Arginine-Arginine,1.523746467
Tyrosine-Proline-Arginine-Alanine-Alanine-Arginine-Arginine-Alanine-Alanine-Arginine-Arginine,1.309630167
Tyrosine-Proline-Tyrosine-Aspartic acid-Alanine-Asparagine-Histidine-Threonine-Arginine-Serine-Proline-Threonine,0.882524538
Tyrosine-Arginine-Phenylalanine-Lysine,0.260071388
Tyrosine-Arginine-Phenylalanine-Lysine-Tyrosine-Arginine-Phenylalanine-Lysine-Tyrosine-Arginine-Leucine-Phenylalanine-Lysine,2.221701064
Tyrosine-Arginine-Arginine-Alanine-Alanine-Arginine-Arginine-Alanine-Alanine-Arginine-Alanine,1.482158695
Tyrosine-Arginine-Arginine-Arginine-Arginine-Arginine-Arginine-Arginine-Arginine-Arginine-Arginine,1.662285516
Tyrosine-Serine-Histidine-Isoleucine-Alanine-Threonine-Leucine-Proline-Phenylalanine-Threonine-Proline-Threonine,0.706717782
Tyrosine-Threonine-Alanine-Isoleucine-Alanine-Tryptophan-Valine-Lysine-Alanine-Phenylalanine-Isoleucine-Arginine-Lysine-Leucine-Arginine-Lysine,2.603479982
Tyrosine-Threonine-Glutamine-Aspartic acid-Phenylalanine-Asparagine-Lysine-Phenylalanine-Histidine-Threonine-Phenylalanine-Proline-Glutamine-Threonine-Alanine-Isoleucine-Glycine-Valine-Glycine-Alanine-Proline,1.012415375
